{"themes":[{"isSystem":true,"code":"default","isOpen":"1","projectCode":"tile","name":"默认主题"},{"isSystem":true,"code":"sample","isOpen":"0","projectCode":"tile","name":"sample"}],"siteCode":"site1","pages":[[{"navHidden":"0","layoutCode":"8-2","siteCode":"site1","cascade":"/","type":"1","isMenu":true,"uuId":"e9de95bfce784304804bfcecf1ed7772","personalWidgetArrs":[],"path":"public1","isFolder":true,"widgetInstances":[[{"buttonName":"","layoutCode":"8-2","code":"demo","layoutPosition":"0","isAllowSetting":false,"customStyle":"","marginDown":0,"isNested":false,"marginUp":0,"widgetHeight":120,"title":"1111","type":"0","uuId":"e549be838d0a4a55812f3fb9f0c95da9","showBorder":false,"marginLeft":0,"pageUuId":"e9de95bfce784304804bfcecf1ed7772","marginRight":0,"decoratorCode":"default","handleUrl":"","showTitle":false}],[{"buttonName":"","layoutCode":"8-2","code":"test","layoutPosition":"1","isAllowSetting":false,"customStyle":"","marginDown":0,"isNested":false,"marginUp":0,"widgetHeight":140,"title":"222","type":"0","uuId":"eda27f97effa4ca28a595a91f6487196","showBorder":false,"marginLeft":0,"pageUuId":"e9de95bfce784304804bfcecf1ed7772","marginRight":0,"decoratorCode":"default","handleUrl":"","showTitle":false}]],"children":[{"navHidden":"0","layoutCode":"4-4-2","siteCode":"site1","cascade":"/public1/","type":"1","isMenu":false,"uuId":"8f04d690d7154501b90ef87faeab8102","personalWidgetArrs":[],"path":"public1-1","isFolder":false,"widgetInstances":[[{"buttonName":"","layoutCode":"4-4-2","code":"demo","layoutPosition":"0","isAllowSetting":false,"customStyle":"","marginDown":0,"isNested":false,"marginUp":0,"widgetHeight":100,"title":"1111","type":"0","uuId":"8486c74e22804703855763b42c634cf2","showBorder":false,"marginLeft":0,"pageUuId":"8f04d690d7154501b90ef87faeab8102","marginRight":0,"decoratorCode":"default","handleUrl":"","showTitle":false}],[{"buttonName":"","layoutCode":"4-4-2","code":"test","layoutPosition":"1","isAllowSetting":false,"customStyle":"","marginDown":0,"isNested":false,"marginUp":0,"widgetHeight":180,"title":"4444","type":"0","uuId":"1f18d8030fdb4e748f6bd2a169ecc926","showBorder":false,"marginLeft":0,"pageUuId":"8f04d690d7154501b90ef87faeab8102","marginRight":0,"decoratorCode":"default","handleUrl":"","showTitle":false},{"buttonName":"","layoutCode":"4-4-2","code":"demo","layoutPosition":"1","isAllowSetting":false,"customStyle":"","marginDown":0,"isNested":false,"marginUp":0,"widgetHeight":60,"title":"333","type":"0","uuId":"e99a03aa25c94d9db632bc9cc7e88db9","showBorder":false,"marginLeft":0,"pageUuId":"8f04d690d7154501b90ef87faeab8102","marginRight":0,"decoratorCode":"default","handleUrl":"","showTitle":false}],[{"buttonName":"","layoutCode":"4-4-2","code":"demo","layoutPosition":"2","isAllowSetting":false,"customStyle":"","marginDown":0,"isNested":false,"marginUp":0,"widgetHeight":150,"title":"555","type":"0","uuId":"bf0894ab01634da896b4dc471a5b67e1","showBorder":false,"marginLeft":0,"pageUuId":"8f04d690d7154501b90ef87faeab8102","marginRight":0,"decoratorCode":"default","handleUrl":"","showTitle":false}]],"name":"公开页面1-1","allowLayout":"0","allowWidget":"0","themeStyle":"standard","openSelf":"0"},{"navHidden":"0","layoutCode":"4-6","siteCode":"site1","cascade":"/public1/","type":"1","isMenu":false,"uuId":"52404a0305674ccf8c0e3ea0be9fa02c","personalWidgetArrs":[],"path":"public1-2","isFolder":false,"widgetInstances":[[{"buttonName":"","layoutCode":"4-6","code":"demo","layoutPosition":"0","isAllowSetting":false,"customStyle":"","marginDown":0,"isNested":false,"marginUp":0,"widgetHeight":70,"title":"1222","type":"0","uuId":"e3860b3db3fd433da87ced5f425ab066","showBorder":false,"marginLeft":0,"pageUuId":"52404a0305674ccf8c0e3ea0be9fa02c","marginRight":0,"decoratorCode":"default","handleUrl":"","showTitle":false},{"buttonName":"","layoutCode":"4-6","code":"demo","layoutPosition":"0","isAllowSetting":false,"customStyle":"","marginDown":0,"isNested":false,"marginUp":0,"widgetHeight":70,"title":"666","type":"0","uuId":"47536ea9507d417f8d3de6ef5229fc34","showBorder":false,"marginLeft":0,"pageUuId":"52404a0305674ccf8c0e3ea0be9fa02c","marginRight":0,"decoratorCode":"default","handleUrl":"","showTitle":false}],[{"buttonName":"","layoutCode":"4-6","code":"test","layoutPosition":"1","isAllowSetting":false,"customStyle":"","marginDown":0,"isNested":false,"marginUp":0,"widgetHeight":70,"title":"3333","type":"0","uuId":"1108d91197b942989dfaab7a21ebddac","showBorder":false,"marginLeft":0,"pageUuId":"52404a0305674ccf8c0e3ea0be9fa02c","marginRight":0,"decoratorCode":"default","handleUrl":"","showTitle":false}]],"name":"公开页面1-2","allowLayout":"0","allowWidget":"0","themeStyle":"standard","openSelf":"0"}],"name":"公开页面1","allowLayout":"0","allowWidget":"0","themeStyle":"standard","openSelf":"0"},{"navHidden":"0","layoutCode":"4-4-2","siteCode":"site1","cascade":"/","type":"1","isMenu":true,"uuId":"f6e651ea1ba04cc8bb8da7da4793cb60","personalWidgetArrs":[],"path":"public2","isFolder":true,"widgetInstances":[[{"buttonName":"","layoutCode":"4-4-2","code":"demo","layoutPosition":"0","isAllowSetting":false,"customStyle":"","marginDown":0,"isNested":false,"marginUp":0,"widgetHeight":110,"title":"6666","type":"0","uuId":"3e5fe191bac04e198b2cab8d9220e187","showBorder":false,"marginLeft":0,"pageUuId":"f6e651ea1ba04cc8bb8da7da4793cb60","marginRight":0,"decoratorCode":"default","handleUrl":"","showTitle":false}],[{"buttonName":"","layoutCode":"4-4-2","code":"test","layoutPosition":"1","isAllowSetting":false,"customStyle":"","marginDown":0,"isNested":false,"marginUp":0,"widgetHeight":100,"title":"121212","type":"0","uuId":"6d1189f671db4d81b68ad234bb07d939","showBorder":false,"marginLeft":0,"pageUuId":"f6e651ea1ba04cc8bb8da7da4793cb60","marginRight":0,"decoratorCode":"default","handleUrl":"","showTitle":false}],[{"buttonName":"","layoutCode":"4-4-2","code":"demo","layoutPosition":"2","isAllowSetting":false,"customStyle":"","marginDown":0,"isNested":false,"marginUp":0,"widgetHeight":110,"title":"54545","type":"0","uuId":"5062753e1cf44a439a27e194c1356aa0","showBorder":false,"marginLeft":0,"pageUuId":"f6e651ea1ba04cc8bb8da7da4793cb60","marginRight":0,"decoratorCode":"default","handleUrl":"","showTitle":false}]],"children":[{"navHidden":"0","layoutCode":"4-6","siteCode":"site1","cascade":"/public2/","type":"1","isMenu":false,"uuId":"db6007c4b1d04c5f9165665b57e78321","personalWidgetArrs":[],"path":"public2-1","isFolder":false,"widgetInstances":[[{"buttonName":"","layoutCode":"4-6","code":"test","layoutPosition":"0","isAllowSetting":false,"customStyle":"","marginDown":0,"isNested":false,"marginUp":0,"widgetHeight":110,"title":"2323","type":"0","uuId":"3691ce30f7784a90a2c67752de071765","showBorder":false,"marginLeft":0,"pageUuId":"db6007c4b1d04c5f9165665b57e78321","marginRight":0,"decoratorCode":"default","handleUrl":"","showTitle":false}],[{"buttonName":"","layoutCode":"4-6","code":"nested","layoutPosition":"1","isAllowSetting":false,"customStyle":"","marginDown":0,"isNested":true,"marginUp":0,"widgetHeight":150,"title":"嵌套","type":"0","uuId":"8bbe00adf8f04e889400f2dea1f9a8a5","showBorder":false,"nestWidgetInstances":[[{"buttonName":"","layoutCode":"8-2","code":"demo","layoutPosition":"0","isAllowSetting":false,"customStyle":"","marginDown":0,"marginUp":0,"widgetHeight":100,"title":"嵌套1-1","type":"1","uuId":"8bbe00adf8f04e889400f2dea1f9a8a5","showBorder":false,"marginLeft":0,"marginRight":0,"decoratorCode":"default","handleUrl":"","showTitle":false}],[{"buttonName":"","layoutCode":"8-2","code":"test","layoutPosition":"1","isAllowSetting":false,"customStyle":"","marginDown":0,"marginUp":0,"widgetHeight":120,"title":"嵌套2-1","type":"1","uuId":"8bbe00adf8f04e889400f2dea1f9a8a5","showBorder":false,"marginLeft":0,"marginRight":0,"decoratorCode":"default","handleUrl":"","showTitle":false},{"buttonName":"","layoutCode":"8-2","code":"demo","layoutPosition":"1","isAllowSetting":false,"customStyle":"","marginDown":0,"marginUp":0,"widgetHeight":70,"title":"1111","type":"1","uuId":"8bbe00adf8f04e889400f2dea1f9a8a5","showBorder":false,"marginLeft":0,"marginRight":0,"decoratorCode":"default","handleUrl":"","showTitle":false}]],"marginLeft":0,"pageUuId":"db6007c4b1d04c5f9165665b57e78321","marginRight":0,"decoratorCode":"none","handleUrl":"","showTitle":false,"nestLayoutCode":"8-2"}]],"name":"公开页面2-1","allowLayout":"0","allowWidget":"1","themeStyle":"standard","openSelf":"0"},{"navHidden":"0","layoutCode":"4-4-2","siteCode":"site1","cascade":"/public2/","type":"1","isMenu":false,"uuId":"067ce8cdecfe4a8195b18162597957f9","personalWidgetArrs":[],"path":"public2-2","isFolder":false,"widgetInstances":[[{"buttonName":"","layoutCode":"4-4-2","code":"demo","layoutPosition":"0","isAllowSetting":false,"customStyle":"","marginDown":0,"isNested":false,"marginUp":0,"widgetHeight":70,"title":"qqqq","type":"0","uuId":"499cfe6dfdf54ae28f04659471fd6c0b","showBorder":false,"marginLeft":0,"pageUuId":"067ce8cdecfe4a8195b18162597957f9","marginRight":0,"decoratorCode":"default","handleUrl":"","showTitle":false},{"buttonName":"","layoutCode":"4-4-2","code":"test","layoutPosition":"0","isAllowSetting":false,"customStyle":"","marginDown":0,"isNested":false,"marginUp":0,"widgetHeight":70,"title":"yyyy","type":"0","uuId":"8bf7048c30c343ff99af24ae48e1d86b","showBorder":false,"marginLeft":0,"pageUuId":"067ce8cdecfe4a8195b18162597957f9","marginRight":0,"decoratorCode":"default","handleUrl":"","showTitle":false}],[{"buttonName":"","layoutCode":"4-4-2","code":"test","layoutPosition":"1","isAllowSetting":false,"customStyle":"","marginDown":0,"isNested":false,"marginUp":0,"widgetHeight":70,"title":"wwww","type":"0","uuId":"43887e3b19f642e7894db30c9dddec45","showBorder":false,"marginLeft":0,"pageUuId":"067ce8cdecfe4a8195b18162597957f9","marginRight":0,"decoratorCode":"default","handleUrl":"","showTitle":false}],[{"buttonName":"","layoutCode":"4-4-2","code":"nested","layoutPosition":"2","isAllowSetting":false,"customStyle":"","marginDown":0,"isNested":true,"marginUp":0,"widgetHeight":70,"title":"444","type":"0","uuId":"f424c624a10541918cbc15e666895f46","showBorder":false,"nestWidgetInstances":[[{"buttonName":"","layoutCode":"4-4-2","code":"test","layoutPosition":"0","isAllowSetting":false,"customStyle":"","marginDown":0,"marginUp":0,"widgetHeight":70,"title":"3333","type":"1","uuId":"f424c624a10541918cbc15e666895f46","showBorder":false,"marginLeft":0,"marginRight":0,"decoratorCode":"default","handleUrl":"","showTitle":false}],[{"buttonName":"","layoutCode":"4-4-2","code":"test","layoutPosition":"1","isAllowSetting":false,"customStyle":"","marginDown":0,"marginUp":0,"widgetHeight":70,"title":"555","type":"1","uuId":"f424c624a10541918cbc15e666895f46","showBorder":false,"marginLeft":0,"marginRight":0,"decoratorCode":"default","handleUrl":"","showTitle":false}],[{"buttonName":"","layoutCode":"4-4-2","code":"demo","layoutPosition":"2","isAllowSetting":false,"customStyle":"","marginDown":0,"marginUp":0,"widgetHeight":70,"title":"777","type":"1","uuId":"f424c624a10541918cbc15e666895f46","showBorder":false,"marginLeft":0,"marginRight":0,"decoratorCode":"default","handleUrl":"","showTitle":false}]],"marginLeft":0,"pageUuId":"067ce8cdecfe4a8195b18162597957f9","marginRight":0,"decoratorCode":"none","handleUrl":"","showTitle":false,"nestLayoutCode":"4-4-2"}]],"name":"公开页面2-2","allowLayout":"0","allowWidget":"0","themeStyle":"standard","openSelf":"0"}],"name":"公开页面2","allowLayout":"0","allowWidget":"0","themeStyle":"standard","openSelf":"0"}],[{"navHidden":"0","layoutCode":"8-2","siteCode":"site1","cascade":"/","type":"0","isMenu":false,"uuId":"41d258855c98430aa97e2628ae0bb107","personalWidgetArrs":[],"path":"private1","isFolder":false,"widgetInstances":[[{"buttonName":"","layoutCode":"8-2","code":"demo","layoutPosition":"0","isAllowSetting":false,"customStyle":"","marginDown":0,"isNested":false,"marginUp":0,"widgetHeight":100,"title":"标题1-1","type":"0","uuId":"e9aed3bd8ac64262954e6f98072434e1","showBorder":false,"marginLeft":0,"pageUuId":"41d258855c98430aa97e2628ae0bb107","marginRight":0,"decoratorCode":"default","handleUrl":"","showTitle":false},{"buttonName":"","layoutCode":"8-2","code":"test","layoutPosition":"0","isAllowSetting":false,"customStyle":"","marginDown":0,"isNested":false,"marginUp":0,"widgetHeight":70,"title":"444","type":"0","uuId":"4ea62b63e75847b6804a480c0b86eb21","showBorder":false,"marginLeft":0,"pageUuId":"41d258855c98430aa97e2628ae0bb107","marginRight":0,"decoratorCode":"default","handleUrl":"","showTitle":false}],[{"buttonName":"","layoutCode":"8-2","code":"test","layoutPosition":"1","isAllowSetting":false,"customStyle":"","marginDown":0,"isNested":false,"marginUp":0,"widgetHeight":100,"title":"标题2-1","type":"0","uuId":"03e97da8bb884ea196a9a53f46013030","showBorder":false,"marginLeft":0,"pageUuId":"41d258855c98430aa97e2628ae0bb107","marginRight":0,"decoratorCode":"default","handleUrl":"","showTitle":false},{"buttonName":"","layoutCode":"8-2","code":"demo","layoutPosition":"1","isAllowSetting":false,"customStyle":"","marginDown":0,"isNested":false,"marginUp":0,"widgetHeight":130,"title":"标题2-2","type":"0","uuId":"19eeb3437db04041800e7276157495e6","showBorder":false,"marginLeft":0,"pageUuId":"41d258855c98430aa97e2628ae0bb107","marginRight":0,"decoratorCode":"default","handleUrl":"","showTitle":false}]],"name":"私有页面1","allowLayout":"0","allowWidget":"0","themeStyle":"standard","openSelf":"0"},{"navHidden":"0","layoutCode":"4-6","siteCode":"site1","cascade":"/","type":"0","isMenu":false,"uuId":"72a92d756c194af0a8218951680f26de","personalWidgetArrs":[{"C_TYPE":"0","C_PAGE_UU_ID":"72a92d756c194af0a8218951680f26de","C_ID":65,"C_DECORATE_CODE":"default","C_WIDGET_NAME":"test","C_UU_ID":"5fb99e0a9b2c404f9de93a269db99ce6","C_WIDGET_CODE":"test","C_DECORATE_NAME":"默认修饰器","C_IS_NESTED":false,"C_DELETED":false,"C_CREATE_TIME":"2018-01-15 09:37:13.0","C_TITLE":"12121212","C_WIDGET_HEIGHT":70},{"C_TYPE":"1","C_NEST_LAYOUT_CODE":"8-2","C_PAGE_UU_ID":"72a92d756c194af0a8218951680f26de","C_ID":66,"C_DECORATE_CODE":"none","C_WIDGET_NAME":"嵌套widget","C_UU_ID":"2a8983c843a244b8886c360473afe30e","C_WIDGET_CODE":"nested","C_DECORATE_NAME":"无边框修饰器","C_IS_NESTED":true,"nestWidgetInstances":[[{"buttonName":"","layoutCode":"8-2","code":"test","layoutPosition":"0","isAllowSetting":false,"customStyle":"","marginDown":0,"marginUp":0,"widgetHeight":70,"title":"3333","type":"1","uuId":"2a8983c843a244b8886c360473afe30e","showBorder":false,"marginLeft":0,"marginRight":0,"decoratorCode":"default","handleUrl":"","showTitle":false}],[{"buttonName":"","layoutCode":"8-2","code":"demo","layoutPosition":"1","isAllowSetting":false,"customStyle":"","marginDown":0,"marginUp":0,"widgetHeight":70,"title":"5555","type":"1","uuId":"2a8983c843a244b8886c360473afe30e","showBorder":false,"marginLeft":0,"marginRight":0,"decoratorCode":"default","handleUrl":"","showTitle":false}]],"C_DELETED":false,"C_CREATE_TIME":"2018-01-15 09:37:13.0","C_TITLE":"121212","C_WIDGET_HEIGHT":70}],"path":"private2","isFolder":false,"widgetInstances":[[{"buttonName":"","layoutCode":"4-6","code":"demo","layoutPosition":"0","isAllowSetting":false,"customStyle":"","marginDown":0,"isNested":false,"marginUp":0,"widgetHeight":60,"title":"3333","type":"0","uuId":"42b63ea614db423b8bd8d2d9083e15bf","showBorder":false,"marginLeft":0,"pageUuId":"72a92d756c194af0a8218951680f26de","marginRight":0,"decoratorCode":"default","handleUrl":"","showTitle":false},{"buttonName":"","layoutCode":"4-6","code":"nested","layoutPosition":"0","isAllowSetting":false,"customStyle":"","marginDown":0,"isNested":true,"marginUp":0,"widgetHeight":70,"title":"r32323","type":"0","uuId":"e723154a06804735b78e1776228d0e4b","showBorder":false,"nestWidgetInstances":[[{"buttonName":"","layoutCode":"8-2","code":"demo","layoutPosition":"0","isAllowSetting":false,"customStyle":"","marginDown":0,"marginUp":0,"widgetHeight":70,"title":"222","type":"1","uuId":"e723154a06804735b78e1776228d0e4b","showBorder":false,"marginLeft":0,"marginRight":0,"decoratorCode":"default","handleUrl":"","showTitle":false}],[{"buttonName":"","layoutCode":"8-2","code":"test","layoutPosition":"1","isAllowSetting":false,"customStyle":"","marginDown":0,"marginUp":0,"widgetHeight":70,"title":"4444","type":"1","uuId":"e723154a06804735b78e1776228d0e4b","showBorder":false,"marginLeft":0,"marginRight":0,"decoratorCode":"default","handleUrl":"","showTitle":false}]],"marginLeft":0,"pageUuId":"72a92d756c194af0a8218951680f26de","marginRight":0,"decoratorCode":"none","handleUrl":"","showTitle":false,"nestLayoutCode":"8-2"},{"buttonName":"","layoutCode":"4-6","code":"demo","layoutPosition":"0","isAllowSetting":false,"customStyle":"","marginDown":0,"isNested":false,"marginUp":0,"widgetHeight":120,"title":"标题11","type":"0","uuId":"a9f7393596ce486f9f166495228a61d6","showBorder":false,"marginLeft":0,"pageUuId":"72a92d756c194af0a8218951680f26de","marginRight":0,"decoratorCode":"default","handleUrl":"","showTitle":false},{"buttonName":"","layoutCode":"4-6","code":"demo","layoutPosition":"0","isAllowSetting":false,"customStyle":"","marginDown":0,"isNested":false,"marginUp":0,"widgetHeight":60,"title":"4444","type":"0","uuId":"bf5f7542cb38459188d3dd9dfee72046","showBorder":false,"marginLeft":0,"pageUuId":"72a92d756c194af0a8218951680f26de","marginRight":0,"decoratorCode":"default","handleUrl":"","showTitle":false},{"buttonName":"","layoutCode":"4-6","code":"test","layoutPosition":"0","isAllowSetting":false,"customStyle":"","marginDown":0,"isNested":false,"marginUp":0,"widgetHeight":60,"title":"标题1122","type":"0","uuId":"696a3db28ad445c0a46d8a9324e2609f","showBorder":false,"marginLeft":0,"pageUuId":"72a92d756c194af0a8218951680f26de","marginRight":0,"decoratorCode":"default","handleUrl":"","showTitle":false}],[{"buttonName":"","layoutCode":"4-6","code":"demo","layoutPosition":"1","isAllowSetting":false,"customStyle":"","marginDown":0,"isNested":false,"marginUp":0,"widgetHeight":100,"title":"嵌套122","type":"0","uuId":"bb44b951a2c74a6bb6f44378626e7ad4","showBorder":false,"marginLeft":0,"pageUuId":"72a92d756c194af0a8218951680f26de","marginRight":0,"decoratorCode":"default","handleUrl":"","showTitle":false},{"buttonName":"","layoutCode":"4-6","code":"test","layoutPosition":"1","isAllowSetting":false,"customStyle":"","marginDown":0,"isNested":false,"marginUp":0,"widgetHeight":70,"title":"2323","type":"0","uuId":"42cafab13684465f94944695b2603988","showBorder":false,"marginLeft":0,"pageUuId":"72a92d756c194af0a8218951680f26de","marginRight":0,"decoratorCode":"default","handleUrl":"","showTitle":false},{"buttonName":"","layoutCode":"4-6","code":"test","layoutPosition":"1","isAllowSetting":false,"customStyle":"","marginDown":0,"isNested":false,"marginUp":0,"widgetHeight":110,"title":"标题22","type":"0","uuId":"0274d4cd339c42be821167b93506d91d","showBorder":false,"marginLeft":0,"pageUuId":"72a92d756c194af0a8218951680f26de","marginRight":0,"decoratorCode":"default","handleUrl":"","showTitle":false},{"buttonName":"","layoutCode":"4-6","code":"test","layoutPosition":"1","isAllowSetting":false,"customStyle":"","marginDown":0,"isNested":false,"marginUp":0,"widgetHeight":70,"title":"32323","type":"0","uuId":"d446a889e85041a588df9ee2f951c09b","showBorder":false,"marginLeft":0,"pageUuId":"72a92d756c194af0a8218951680f26de","marginRight":0,"decoratorCode":"default","handleUrl":"","showTitle":false}]],"name":"私有页面2","allowLayout":"0","allowWidget":"1","themeStyle":"standard","openSelf":"0"}]],"siteName":"测试站点1","title":"标题1","widgets":[{"isSystem":true,"code":"test","projectCode":"tile","isNested":false,"name":"test"},{"isSystem":true,"code":"demo","projectCode":"tile","isNested":false,"name":"demo"},{"isSystem":true,"code":"nested","projectCode":"tile","isNested":true,"name":"嵌套widget"}],"layouts":[{"isSystem":true,"code":"4-4-2","projectCode":"tile","name":"4-4-2"},{"isSystem":true,"code":"8-2","projectCode":"tile","name":"8-2"},{"isSystem":true,"code":"4-6","projectCode":"tile","name":"4-6"}],"publicTheme":"default","privateTheme":"sample","decorates":[{"isSystem":true,"code":"default","projectCode":"tile","name":"默认修饰器"},{"isSystem":true,"code":"none","projectCode":"tile","name":"无边框修饰器"}]}